unit,permitting_timelines,incentives,labour_policies,tax_policies,risk_level,mitigation_measures,effective_date,review_date
US-CA,Environmental permits can take 12–24 months; CEQA reviews lengthen project approvals,Tax credits for clean energy and film; sales tax exemptions for manufacturing equipment,Progressive labour laws; $16+ minimum wage; strong unions,State income tax ranges 1–13.3%; corporate tax 8.84%,Medium,Engage with state agencies early; use CEQA consultants; leverage incentive programs,2024,2025
US-TX,"Streamlined permitting, often under 6–9 months for industrial projects",Texas Enterprise Fund grants; Chapter 313 tax abatements; R&D tax credit,Right-to-work state; no state income tax,Franchise tax 0.375–0.75%; property tax determined locally,Low,Partner with local economic development corporations; utilize incentives,2024,2025
US-NY,Building permits vary by city; major projects may take 12–18 months,"Excelsior Jobs Program, Investment Tax Credits, Film & TV tax credits",Strong labor protections; state minimum wage $15+; collective bargaining prevalent,Corporate tax 6.5–7.25%; personal income tax up to 10.9%,Medium,Utilize Empire State Development services; plan early for zoning/permits,2024,2025
US-FL,Permitting generally 6–12 months; environmental reviews for coastal projects,"Qualified Target Industry Tax Refund, Capital Investment Tax Credit, film incentives",Right-to-work; minimum wage $12/hr (2024) increasing annually,No state income tax; corporate tax 5.5% with temporary reductions,Low,Work with Enterprise Florida; secure local approvals; leverage training grants,2024,2025
US-IL,Industrial permits can take 9–18 months; environmental permitting under IEPA,"High Impact Business Program, EDGE tax credits, REV Illinois for EV manufacturing, Apprenticeship tax credits【35491535789360†L124-L171】",Union stronghold; minimum wage $14/hr (2024) rising to $15 in 2025,Corporate income tax 9.5%; personal income tax 4.95%,Medium,Apply for incentives like HIB and EDGE; engage with DCEO early,2024,2025
US-PA,Permitting varies; industrial projects 9–12 months; environmental permits via DEP,"Keystone Innovation Zone tax credits, Research & Development tax credit, WEDnetPA grants",Right-to-work not adopted; moderate minimum wage ($7.25 federal); strong labor unions,Corporate net income tax 8.99% (decreasing gradually); local taxes apply,Medium,Coordinate with DCED; utilize grant programs; plan for union negotiations,2024,2025
US-OH,Permitting moderate; manufacturing projects 6–12 months; streamlined for large investments,"Job Creation Tax Credit, Ohio Enterprise Zone Program, Research & Development Investment Loan",Right-to-work not enacted; minimum wage $10.45 (2024); strong manufacturing unions,Commercial activity tax (CAT) 0.26% on gross receipts; no corporate income tax,Low-Medium,Engage JobsOhio and local port authorities; leverage TechCred grants,2024,2025
US-GA,Permitting relatively quick (6–9 months); film projects expedited,"Georgia Investment Tax Credit, Job Tax Credit, film and entertainment tax credits",Right-to-work; minimum wage follows federal level ($7.25),Corporate income tax 5.75%; property tax incentives via local development authorities,Low,Utilize Georgia Department of Economic Development; access Quick Start and HOPE grants,2024,2025
US-WA,Environmental reviews lengthy (12–24 months); shoreline permits for maritime projects,B&O tax credits for aerospace and R&D; Clean Energy Fund grants; sales tax exemptions for manufacturing,High minimum wage ($16.28/hr in Seattle); strong union presence,No personal income tax; Business & Occupation (B&O) tax on gross receipts,Medium,Work with Department of Commerce; plan for environmental and shoreline permitting,2024,2025
US-NJ,Permitting moderate to lengthy (9–18 months); NJDEP oversees environmental permits,"Emerge NJ tax credits, Offshore Wind Tax Credits, New Jersey Manufacturing Voucher Program",Strong labor protections; minimum wage $15.13 (2024) increasing annually,Corporate business tax 9%; personal income tax up to 10.75%,Medium,Engage with NJEDA; leverage NJ Pathways and training programs; plan for permitting,2024,2025
